Taxonomy	HMPMockV1.1.Even1	HMPMockV1.1.Even2	HMPMockV1.2.Staggered1	HMPMockV1.2.Staggered2
D_0__Bacteria;D_1__Proteobacteria;D_2__Epsilonproteobacteria;D_3__Campylobacterales;D_4__Helicobacteraceae;D_5__Helicobacter;D_6__Helicobacter pylori	0.0476190476	0.0476190476	0.0021436227	0.0021436227
D_0__Bacteria;D_1__Proteobacteria;D_2__Gammaproteobacteria;D_3__Pseudomonadales;D_4__Pseudomonadaceae;D_5__Pseudomonas;D_6__Pseudomonas aeruginosa VRFPA07	0.0476190476	0.0476190476	0.0214362274	0.0214362274
D_0__Bacteria;D_1__Firmicutes;D_2__Bacilli;D_3__Lactobacillales;D_4__Streptococcaceae;D_5__Streptococcus;D_6__Streptococcus pneumoniae CDC0288-04	0.0476190477	0.0476190477	0.0214362274	0.0214362274
D_0__Bacteria;D_1__Firmicutes;D_2__Bacilli;D_3__Bacillales;D_4__Listeriaceae;D_5__Listeria;D_6__Listeria monocytogenes	0.0476190476	0.0476190476	0.0021436229	0.0021436229
D_0__Bacteria;D_1__Firmicutes;D_2__Bacilli;D_3__Lactobacillales;D_4__Streptococcaceae;D_5__Streptococcus	0.0476190477	0.0476190477	0.2143622714	0.2143622714
D_0__Bacteria;D_1__Firmicutes;D_2__Bacilli;D_3__Bacillales;D_4__Bacillaceae;D_5__Bacillus;D_6__Bacillus cereus	0.0476190476	0.0476190476	0.0214362274	0.0214362274
D_0__Bacteria;D_1__Deinococcus-Thermus;D_2__Deinococci;D_3__Deinococcales;D_4__Deinococcaceae;D_5__Deinococcus	0.0476190476	0.0476190476	0.0002143626	0.0002143626
D_0__Bacteria;D_1__Actinobacteria;D_2__Actinobacteria;D_3__Actinomycetales;D_4__Actinomycetaceae;D_5__Actinomyces	0.0476190476	0.0476190476	0.0002143626	0.0002143626
D_0__Bacteria;D_1__Firmicutes;D_2__Clostridia;D_3__Clostridiales;D_4__Clostridiaceae 1;D_5__Clostridium sensu stricto 1;D_6__Clostridium beijerinckii	0.0476190476	0.0476190476	0.0214362274	0.0214362274
D_0__Bacteria;D_1__Firmicutes;D_2__Bacilli;D_3__Bacillales;D_4__Staphylococcaceae;D_5__Staphylococcus;D_6__Staphylococcus epidermidis	0.0476190477	0.0476190477	0.0214362274	0.0214362274
D_0__Bacteria;D_1__Firmicutes;D_2__Bacilli;D_3__Lactobacillales;D_4__Lactobacillaceae;D_5__Lactobacillus;D_6__Lactobacillus gasseri	0.0476190476	0.0476190476	0.0021436229	0.0021436229
D_0__Bacteria;D_1__Proteobacteria;D_2__Betaproteobacteria;D_3__Neisseriales;D_4__Neisseriaceae;D_5__Neisseria;D_6__Neisseria meningitidis	0.0476190476	0.0476190476	0.0021436229	0.0021436229
D_0__Archaea;D_1__Euryarchaeota;D_2__Methanobacteria;D_3__Methanobacteriales;D_4__Methanobacteriaceae;D_5__Methanobrevibacter	0.0476190476	0.0476190476	0.2143622714	0.2143622714
D_0__Bacteria;D_1__Firmicutes;D_2__Bacilli;D_3__Lactobacillales;D_4__Enterococcaceae;D_5__Enterococcus;D_6__Enterococcus faecalis	0.0476190476	0.0476190476	0.0002143626	0.0002143626
D_0__Bacteria;D_1__Firmicutes;D_2__Bacilli;D_3__Lactobacillales;D_4__Streptococcaceae;D_5__Streptococcus;D_6__Streptococcus mutans	0.0476190477	0.0476190477	0.0002143626	0.0002143626
D_0__Bacteria;D_1__Proteobacteria;D_2__Alphaproteobacteria;D_3__Rhodobacterales;D_4__Rhodobacteraceae;D_5__Rhodobacter;D_6__Rhodobacter sphaeroides	0.0476190476	0.0476190476	0.0214362274	0.0214362274
D_0__Bacteria;D_1__Proteobacteria;D_2__Gammaproteobacteria;D_3__Enterobacteriales;D_4__Enterobacteriaceae;D_5__Escherichia-Shigella;D_6__Escherichia coli HVH 178 (4-3189163)	0.0476190476	0.0476190476	0.2143622714	0.2143622714
D_0__Bacteria;D_1__Proteobacteria;D_2__Gammaproteobacteria;D_3__Pseudomonadales;D_4__Moraxellaceae;D_5__Acinetobacter;D_6__Acinetobacter baumannii	0.0476190476	0.0476190476	0.0021436227	0.0021436227
D_0__Bacteria;D_1__Actinobacteria;D_2__Actinobacteria;D_3__Propionibacteriales;D_4__Propionibacteriaceae;D_5__Propionibacterium;D_6__Propionibacterium acnes	0.0476190476	0.0476190476	0.0021436229	0.0021436229
D_0__Bacteria;D_1__Firmicutes;D_2__Bacilli;D_3__Bacillales;D_4__Staphylococcaceae;D_5__Staphylococcus;D_6__Staphylococcus aureus	0.0476190476	0.0476190476	0.2143622714	0.2143622714
D_0__Bacteria;D_1__Bacteroidetes;D_2__Bacteroidia;D_3__Bacteroidales;D_4__Bacteroidaceae;D_5__Bacteroides;D_6__Bacteroides vulgatus	0.0476190476	0.0476190476	0.0002143626	0.0002143626
